target,associateRelativeRisks
http://bods.openownership.org/resource/openownership-register-9823598633168236485,role.rca
http://bods.openownership.org/resource/openownership-register-3799035183486920057,"role.rca,sanction,role.oligarch"
http://bods.openownership.org/resource/openownership-register-15552085270517569007,"role.rca,sanction,role.oligarch"
http://bods.openownership.org/resource/openownership-register-10972376482948066724,"role.rca,sanction,role.oligarch"
http://bods.openownership.org/resource/openownership-register-4644485803781253984,"role.rca,sanction,role.oligarch"
http://bods.openownership.org/resource/openownership-register-2430353875361722489,"role.rca,sanction,role.oligarch"
http://bods.openownership.org/resource/openownership-register-5235670177730092706,"role.rca,sanction,role.oligarch"
http://bods.openownership.org/resource/openownership-register-3744925173188199607,"role.rca,sanction,role.oligarch"
http://bods.openownership.org/resource/openownership-register-9373496262567599120,"role.rca,sanction,role.oligarch"
http://bods.openownership.org/resource/openownership-register-14780664278908260443,"role.rca,sanction,role.oligarch"
http://bods.openownership.org/resource/openownership-register-6951087058012340070,"sanction,role.rca"
http://bods.openownership.org/resource/openownership-register-13320726517544098931,"role.rca,sanction"
http://bods.openownership.org/resource/openownership-register-5897007442809849992,"role.rca,sanction"
